{
  "d": {
    "e": {
      "avgTime": 115.15357143538338,
      "deviation": 130.55164408026928
    },
    "s": {
      "avgTime": 213.24000005722047,
      "deviation": 192.05796630065083
    },
    " ": {
      "avgTime": 69.30000003178914,
      "deviation": 44.13524649215037
    },
    "i": {
      "avgTime": 21.220000076293946,
      "deviation": 10.153501828946078
    },
    "shift": {
      "avgTime": 95.10000038146973,
      "deviation": 0
    },
    "a": {
      "avgTime": 15.949999809265137,
      "deviation": 4.150000095367432
    },
    "b": {
      "avgTime": 281.7999997138977,
      "deviation": 0
    }
  },
  "a": {
    "_": {
      "avgTime": 0.40000009536743164,
      "deviation": 0
    },
    "s": {
      "avgTime": 117.76666673024495,
      "deviation": 27.272737743966182
    },
    "g": {
      "avgTime": 134.72500002384186,
      "deviation": 61.17031047283852
    },
    " ": {
      "avgTime": 56,
      "deviation": 0
    },
    "l": {
      "avgTime": 29.471428666796005,
      "deviation": 28.340819326205708
    },
    "m": {
      "avgTime": 17.78333322207133,
      "deviation": 13.645196556065532
    },
    "r": {
      "avgTime": 60.14999997615814,
      "deviation": 12.272428429570311
    },
    "shift": {
      "avgTime": 131.86666663487753,
      "deviation": 21.35139871626827
    },
    "n": {
      "avgTime": 97.75999994277954,
      "deviation": 64.35845234087049
    },
    "i": {
      "avgTime": 7.900000095367432,
      "deviation": 0
    },
    "t": {
      "avgTime": 74.51666657129924,
      "deviation": 52.30963640378186
    },
    "h": {
      "avgTime": 35.90000009536743,
      "deviation": 0
    },
    "k": {
      "avgTime": 8,
      "deviation": 0
    },
    "b": {
      "avgTime": 36.84999990463257,
      "deviation": 7.25
    }
  },
  "s": {
    "h": {
      "avgTime": 38.19999990463257,
      "deviation": 25.5310008059122
    },
    "i": {
      "avgTime": 3.8999996185302734,
      "deviation": 0
    },
    "s": {
      "avgTime": 126.04999995231628,
      "deviation": 46.597773554725684
    },
    "n": {
      "avgTime": 88.34999990463257,
      "deviation": 42.01389660124204
    },
    " ": {
      "avgTime": 64.67142861230033,
      "deviation": 69.06704217127827
    },
    "e": {
      "avgTime": 57.740000057220456,
      "deviation": 10.474845909387355
    },
    "k": {
      "avgTime": 64.9600001335144,
      "deviation": 80.09483393039844
    },
    "m": {
      "avgTime": 113.00000023841858,
      "deviation": 0.20000004768371582
    },
    "u": {
      "avgTime": 53.90000009536743,
      "deviation": 0
    },
    "shift": {
      "avgTime": 60,
      "deviation": 0
    },
    "t": {
      "avgTime": 231.5,
      "deviation": 106.13472555692474
    },
    ".": {
      "avgTime": 141.76666673024496,
      "deviation": 43.36398916318371
    },
    "z": {
      "avgTime": 384.30000019073486,
      "deviation": 0
    },
    "a": {
      "avgTime": 49.65000009536743,
      "deviation": 1.0500001907348633
    },
    "o": {
      "avgTime": 3.3000001907348633,
      "deviation": 0
    },
    ",": {
      "avgTime": 167.2000002861023,
      "deviation": 0
    },
    "w": {
      "avgTime": 108.94999980926514,
      "deviation": 12.150000095367432
    },
    "y": {
      "avgTime": 436.09999990463257,
      "deviation": 0
    }
  },
  "f": {
    "ü": {
      "avgTime": 12.850000143051147,
      "deviation": 8.749999761581421
    },
    "a": {
      "avgTime": 41.100000063578285,
      "deviation": 10.111709514791427
    },
    "i": {
      "avgTime": 7.800000190734863,
      "deviation": 0
    },
    "l": {
      "avgTime": 114,
      "deviation": 0
    },
    "e": {
      "avgTime": 138.40000009536743,
      "deviation": 0
    },
    "t": {
      "avgTime": 102.09999990463257,
      "deviation": 0
    },
    "g": {
      "avgTime": 292.2000000476837,
      "deviation": 17.600000143051147
    },
    "r": {
      "avgTime": 68.90000009536743,
      "deviation": 0
    },
    "f": {
      "avgTime": 251.84999990463257,
      "deviation": 193.25
    },
    "n": {
      "avgTime": 103.90000009536743,
      "deviation": 0
    },
    "shift": {
      "avgTime": 502.6000003814697,
      "deviation": 0
    },
    "o": {
      "avgTime": 19.699999809265137,
      "deviation": 0
    }
  },
  "l": {
    "u": {
      "avgTime": 279.15000009536743,
      "deviation": 158.34999990463257
    },
    "a": {
      "avgTime": 191.0166666507721,
      "deviation": 139.20296228483966
    },
    "ä": {
      "avgTime": 123.75,
      "deviation": 0.5500001907348633
    },
    "p": {
      "avgTime": 169.60000038146973,
      "deviation": 0
    },
    "i": {
      "avgTime": 132.85000014305115,
      "deviation": 42.14999985694885
    },
    "e": {
      "avgTime": 52.049999952316284,
      "deviation": 20.18817719306906
    },
    "shift": {
      "avgTime": 247.19999980926514,
      "deviation": 0
    },
    " ": {
      "avgTime": 335.7000002861023,
      "deviation": 250
    },
    "z": {
      "avgTime": 150,
      "deviation": 0
    },
    "c": {
      "avgTime": 107.59999990463257,
      "deviation": 0
    }
  },
  "k": {
    "r": {
      "avgTime": 45.01666680971781,
      "deviation": 13.474595395640776
    },
    "ö": {
      "avgTime": 146.59999990463257,
      "deviation": 0
    },
    "ä": {
      "avgTime": 179.80000019073486,
      "deviation": 0
    },
    "g": {
      "avgTime": 432.2999997138977,
      "deviation": 0
    },
    "a": {
      "avgTime": 182.15000009536743,
      "deviation": 30.25
    },
    "t": {
      "avgTime": 83.79999995231628,
      "deviation": 36.10000014305115
    },
    "b": {
      "avgTime": 287.90000009536743,
      "deviation": 0
    },
    "i": {
      "avgTime": 143.94999980926514,
      "deviation": 61.15000009536743
    }
  },
  "j": {
    "u": {
      "avgTime": 144.59999990463257,
      "deviation": 0
    }
  }
}
