{
  "d": {
    "e": {
      "avgTime": 110.92857139451164,
      "deviation": 23.99434245597215
    },
    "i": {
      "avgTime": 385.875,
      "deviation": 556.3181839667238
    },
    "a": {
      "avgTime": 164.60000006357828,
      "deviation": 18.478636059918447
    },
    " ": {
      "avgTime": 93.99999988079071,
      "deviation": 64.03260882729137
    },
    "k": {
      "avgTime": 52.60000014305115,
      "deviation": 23.100000143051147
    },
    "shift": {
      "avgTime": 376.5666666030884,
      "deviation": 295.1574305684919
    },
    "j": {
      "avgTime": 53.60000038146973,
      "deviation": 0
    },
    "n": {
      "avgTime": 67.93333339691162,
      "deviation": 51.93132228479259
    },
    "d": {
      "avgTime": 120.80000019073486,
      "deviation": 0
    }
  },
  "a": {
    ".": {
      "avgTime": 208.50000023841858,
      "deviation": 66.29999995231628
    },
    "s": {
      "avgTime": 165.93333339691162,
      "deviation": 46.65335536627382
    },
    "l": {
      "avgTime": 69.97777769300673,
      "deviation": 31.221957352394515
    },
    "m": {
      "avgTime": 69.22500002384186,
      "deviation": 23.34913026496361
    },
    "r": {
      "avgTime": 116.43333355585735,
      "deviation": 76.73336221206657
    },
    "shift": {
      "avgTime": 427.15000009536743,
      "deviation": 57.65000009536743
    },
    "n": {
      "avgTime": 236.22500014305115,
      "deviation": 244.70327311956163
    },
    "g": {
      "avgTime": 445.40000009536743,
      "deviation": 130.82455826660524
    },
    "i": {
      "avgTime": 30.699999809265137,
      "deviation": 0
    },
    "f": {
      "avgTime": 481.5,
      "deviation": 0
    },
    "a": {
      "avgTime": 1212.2999997138977,
      "deviation": 0
    },
    "t": {
      "avgTime": 170.38750004768372,
      "deviation": 133.5609732414982
    },
    "b": {
      "avgTime": 397.2888888253106,
      "deviation": 40.28055624445698
    },
    "h": {
      "avgTime": 101,
      "deviation": 0
    },
    "c": {
      "avgTime": 114.09999990463257,
      "deviation": 0
    },
    "k": {
      "avgTime": 94.80000019073486,
      "deviation": 0
    },
    "u": {
      "avgTime": 193.73333342870077,
      "deviation": 202.84516803329967
    },
    " ": {
      "avgTime": 32.59999990463257,
      "deviation": 0
    }
  },
  "s": {
    "c": {
      "avgTime": 176.06666660308838,
      "deviation": 73.4887897782804
    },
    "k": {
      "avgTime": 96.82857138769967,
      "deviation": 52.8221736366609
    },
    "s": {
      "avgTime": 134.60000006357828,
      "deviation": 47.65906694815556
    },
    "u": {
      "avgTime": 279.4500000476837,
      "deviation": 130.54999995231628
    },
    "b": {
      "avgTime": 109,
      "deviation": 0
    },
    " ": {
      "avgTime": 114.39999992707196,
      "deviation": 108.71673944731488
    },
    "e": {
      "avgTime": 109.6777777671814,
      "deviation": 56.49876656797711
    },
    "a": {
      "avgTime": 192.1399998664856,
      "deviation": 123.58238698906223
    },
    "t": {
      "avgTime": 195.4333332379659,
      "deviation": 48.892353434572655
    },
    ".": {
      "avgTime": 316.94285733359203,
      "deviation": 207.8116169298165
    },
    "n": {
      "avgTime": 73.90000009536743,
      "deviation": 0
    },
    "o": {
      "avgTime": 65.02000017166138,
      "deviation": 51.38744588919509
    },
    "m": {
      "avgTime": 66.59999990463257,
      "deviation": 0
    },
    "y": {
      "avgTime": 83.80000019073486,
      "deviation": 0
    },
    "<": {
      "avgTime": 372.80000019073486,
      "deviation": 0
    }
  },
  "f": {
    "ü": {
      "avgTime": 587.0499999523163,
      "deviation": 455.0499999523163
    },
    "a": {
      "avgTime": 239.76666657129923,
      "deviation": 60.56876695541484
    },
    "shift": {
      "avgTime": 575.6000001430511,
      "deviation": 196.49999976158142
    },
    "o": {
      "avgTime": 318.8999999364217,
      "deviation": 246.94274641533045
    },
    "n": {
      "avgTime": 85.69999980926514,
      "deviation": 0
    },
    "t": {
      "avgTime": 122,
      "deviation": 0
    },
    "f": {
      "avgTime": 122.90000009536743,
      "deviation": 0
    },
    "e": {
      "avgTime": 152,
      "deviation": 0
    }
  },
  "k": {
    "c": {
      "avgTime": 151,
      "deviation": 0
    },
    "r": {
      "avgTime": 80.89999985694885,
      "deviation": 74.57790111918146
    },
    "e": {
      "avgTime": 84.54999995231628,
      "deviation": 34.549999952316284
    },
    "i": {
      "avgTime": 507.5,
      "deviation": 0
    },
    "a": {
      "avgTime": 439.4666665395101,
      "deviation": 257.77993606210936
    },
    "t": {
      "avgTime": 124.43333355585735,
      "deviation": 18.033733848006985
    },
    "n": {
      "avgTime": 186.5,
      "deviation": 0
    },
    "o": {
      "avgTime": 281.7999999523163,
      "deviation": 110.60000014305115
    },
    "shift": {
      "avgTime": 195.30000019073486,
      "deviation": 0
    },
    "s": {
      "avgTime": 533,
      "deviation": 0
    }
  },
  "l": {
    "u": {
      "avgTime": 192.85000014305115,
      "deviation": 7.549999952316284
    },
    "a": {
      "avgTime": 248.86666663487753,
      "deviation": 146.43889121551396
    },
    "m": {
      "avgTime": 143.2000002861023,
      "deviation": 0
    },
    "ä": {
      "avgTime": 226.80000019073486,
      "deviation": 0
    },
    "p": {
      "avgTime": 219.59999990463257,
      "deviation": 0
    },
    "i": {
      "avgTime": 291.7857142857143,
      "deviation": 192.76038741111128
    },
    "e": {
      "avgTime": 159.09999990463257,
      "deviation": 25.40000009536743
    },
    "g": {
      "avgTime": 80.69999980926514,
      "deviation": 0
    },
    "shift": {
      "avgTime": 272.8999999364217,
      "deviation": 153.098399729622
    },
    " ": {
      "avgTime": 388.0749999284744,
      "deviation": 251.90307034537793
    },
    "l": {
      "avgTime": 561.5166666507721,
      "deviation": 464.64995209311064
    },
    "t": {
      "avgTime": 103.60000038146973,
      "deviation": 0
    }
  },
  "j": {
    "z": {
      "avgTime": 170.2999997138977,
      "deviation": 0
    },
    "e": {
      "avgTime": 80.80000019073486,
      "deviation": 0
    }
  }
}
